Month-Year,"No of Orders","Total Amount"
"7 - 2022",59,1513.8799999999997
"8 - 2022",69,1860.58
"9 - 2022",57,1676.8299999999997
"10 - 2022",73,2007.0300000000002
"11 - 2022",66,2294.560000000001
"12 - 2022",81,2412.7000000000007
"1 - 2023",85,2603.1000000000013
"2 - 2023",28,761.6899999999999
